City_ID,City,Country,Lat,Lng,Max Temp,Humidity,Cloudiness,Wind Speed,Current Weather
0,Isangel,VU,-19.55,169.27,74.52,82,14,9.48,few clouds
1,Mitsamiouli,KM,-11.38,43.28,79.02,73,2,4.74,clear sky
2,Lavrentiya,RU,65.58,-171.0,19.72,88,40,7.94,scattered clouds
3,Bredasdorp,ZA,-34.53,20.04,62.6,59,48,6.93,scattered clouds
4,Puerto Ayora,EC,-0.74,-90.35,77.0,73,40,9.17,scattered clouds
5,Albany,US,42.6,-73.97,46.0,59,83,3.0,broken clouds
6,New Norfolk,AU,-42.78,147.06,55.0,91,64,1.1,light rain
7,Hobart,AU,-42.88,147.33,55.4,93,90,8.05,moderate rain
8,Busselton,AU,-33.65,115.33,48.99,96,26,5.99,scattered clouds
9,Hasaki,JP,35.73,140.83,51.8,81,75,1.12,broken clouds
10,Port Elizabeth,ZA,-33.92,25.57,64.4,82,90,10.29,overcast clouds
11,Makakilo City,US,21.35,-158.09,71.6,83,1,3.36,clear sky
12,Mahebourg,MU,-20.41,57.7,73.4,64,75,10.29,broken clouds
13,Kieta,PG,-6.22,155.63,79.36,77,97,6.17,moderate rain
14,Nouadhibou,MR,20.93,-17.03,80.6,39,100,9.17,overcast clouds
15,Payakumbuh,ID,-0.22,100.63,71.78,90,100,1.54,overcast clouds
16,Lewiston,US,44.1,-70.21,42.8,48,1,9.17,clear sky
17,Kapaa,US,22.08,-159.32,71.6,94,75,4.7,broken clouds
18,Upernavik,GL,72.79,-56.15,18.48,78,100,18.63,overcast clouds
19,Eruwa,NG,7.53,3.42,89.6,59,40,8.05,scattered clouds
20,Saint George,US,37.1,-113.58,42.8,38,1,2.8,clear sky
21,Mazagao,BR,-0.12,-51.29,93.2,59,40,17.22,scattered clouds
22,Airai,TL,-8.93,125.41,61.07,90,47,2.01,scattered clouds
23,Kiruna,SE,67.86,20.23,35.6,93,99,17.22,overcast clouds
24,Hermanus,ZA,-34.42,19.23,61.0,69,10,9.06,clear sky
25,Victoria,HK,22.29,114.16,73.0,78,90,10.2,overcast clouds
26,Honiara,SB,-9.43,159.95,79.45,79,36,3.98,scattered clouds
27,Esperance,AU,-33.87,121.9,50.0,100,11,5.82,few clouds
28,Saskylakh,RU,71.92,114.08,-1.44,92,80,6.33,broken clouds
29,Yeniseysk,RU,58.45,92.17,10.53,95,1,1.19,clear sky
30,Troitskoye,RU,52.98,84.68,29.01,88,100,7.54,overcast clouds
31,Faanui,PF,-16.48,-151.75,79.63,78,15,10.69,few clouds
32,Akureyri,IS,65.68,-18.09,32.0,95,90,6.93,overcast clouds
33,Vaini,TO,-21.2,-175.2,71.6,94,20,8.5,mist
34,Zhireken,RU,52.82,117.31,12.4,91,0,2.15,clear sky
35,Atuona,PF,-9.8,-139.03,77.97,71,17,16.64,few clouds
36,Georgetown,MY,5.41,100.34,78.8,94,20,3.36,few clouds
37,Kodiak,US,57.79,-152.41,33.8,69,20,13.87,few clouds
38,Port Alfred,ZA,-33.59,26.89,65.48,86,100,9.44,light rain
39,Srednekolymsk,RU,67.45,153.68,-13.0,89,100,9.75,light snow
40,Ostrovnoy,RU,68.05,39.51,31.8,95,49,29.82,scattered clouds
41,Punta Arenas,CL,-53.15,-70.92,55.4,28,0,33.33,clear sky
42,Lebu,CL,-37.62,-73.65,57.25,62,0,19.62,clear sky
43,Burgos,ES,42.34,-3.71,57.2,87,75,14.99,broken clouds
44,Nikolskoye,RU,59.7,30.79,32.0,94,90,6.71,overcast clouds
45,Marsh Harbour,BS,26.54,-77.06,80.08,73,1,8.16,clear sky
46,Barrow,US,71.29,-156.79,21.2,73,90,10.29,light snow
47,Laguna,US,38.42,-121.42,55.99,87,1,4.7,clear sky
48,Ushuaia,AR,-54.8,-68.3,51.8,32,75,34.45,broken clouds
49,Nova Gradiska,HR,45.26,17.38,48.2,93,41,2.24,mist
50,Chuy,UY,-33.7,-53.46,73.71,62,100,13.65,overcast clouds
51,Chunskiy,RU,56.08,99.63,16.32,96,0,2.46,clear sky
52,Oromocto,CA,45.84,-66.48,37.99,44,1,3.36,clear sky
53,Chepareria,KE,1.31,35.2,64.72,67,98,4.59,overcast clouds
54,Korla,CN,41.76,86.15,39.99,82,100,11.99,overcast clouds
55,Mount Gambier,AU,-37.83,140.77,59.0,77,75,18.34,broken clouds
56,Evensk,RU,61.95,159.23,23.7,97,99,10.51,light snow
57,Hilo,US,19.73,-155.09,71.6,73,90,8.05,overcast clouds
58,Saint-Pierre,RE,-21.34,55.48,73.4,53,75,11.41,broken clouds
59,Jamestown,US,42.1,-79.24,51.01,100,90,27.51,light rain
60,Tuktoyaktuk,CA,69.45,-133.04,12.2,85,90,21.92,light snow
61,Rikitea,PF,-23.12,-134.97,75.65,80,94,9.66,light rain
62,Tadine,NC,-21.55,167.88,73.45,81,35,8.84,scattered clouds
63,Dudinka,RU,69.41,86.18,10.4,92,75,8.95,snow
64,Quesnel,CA,53.0,-122.5,32.0,87,90,8.05,overcast clouds
65,Tecoanapa,MX,16.52,-98.75,84.97,64,0,7.49,clear sky
66,Cape Town,ZA,-33.93,18.42,64.0,63,20,19.46,few clouds
67,Ancud,CL,-41.87,-73.82,59.0,54,20,9.17,few clouds
68,Cabimas,VE,10.39,-71.44,81.79,76,100,2.17,overcast clouds
69,Mar Del Plata,AR,-38.0,-57.56,60.8,67,75,12.75,broken clouds
70,Tiksi,RU,71.69,128.87,-7.29,90,97,6.38,overcast clouds
71,Inhambane,MZ,-23.86,35.38,75.2,73,40,6.93,scattered clouds
72,Castro,BR,-24.79,-50.01,83.19,48,12,8.21,moderate rain
73,Norman Wells,CA,65.28,-126.83,-4.0,83,90,4.23,overcast clouds
74,Mataura,NZ,-46.19,168.86,53.01,96,99,8.01,moderate rain
75,Kruisfontein,ZA,-34.0,24.73,63.0,83,98,1.01,overcast clouds
76,Halifax,CA,44.65,-63.57,41.0,51,52,7.0,broken clouds
77,Kushima,JP,31.46,131.23,62.01,88,23,3.0,few clouds
78,Vyazemskiy,RU,47.54,134.75,25.66,88,0,12.24,clear sky
79,Balakhninskiy,RU,58.01,114.28,10.06,92,100,3.69,overcast clouds
80,Tuatapere,NZ,-46.13,167.68,53.01,96,95,8.01,light rain
81,Russell,US,32.35,-85.2,77.0,65,75,8.05,broken clouds
82,Petropavlovsk-Kamchatskiy,RU,53.05,158.65,28.4,74,11,8.95,few clouds
83,Terenos,BR,-20.44,-54.86,69.8,88,75,19.46,thunderstorm
84,Yetkul,RU,54.82,61.59,5.0,84,0,8.95,clear sky
85,Hofn,IS,64.25,-15.21,39.2,64,75,14.99,broken clouds
86,Ribeira Grande,PT,38.52,-28.7,66.2,72,40,6.93,scattered clouds
87,Nalut,LY,30.33,10.85,61.21,37,95,4.76,overcast clouds
88,Cidreira,BR,-30.18,-50.21,79.75,65,99,8.72,overcast clouds
89,Dikson,RU,73.51,80.55,16.43,98,74,12.93,broken clouds
90,Svetlyy,RU,54.67,20.13,50.0,93,100,8.95,light rain
91,Alice Springs,AU,-23.7,133.88,80.6,47,100,11.41,overcast clouds
92,Sao Jose Da Coroa Grande,BR,-8.9,-35.15,82.04,72,68,11.34,broken clouds
93,Algeciras,ES,36.13,-5.45,68.0,72,0,3.36,clear sky
94,Smithers,CA,54.78,-127.17,26.6,100,90,5.82,light snow
95,Flinders,AU,-34.58,150.86,72.0,86,47,1.01,scattered clouds
96,Bejar,ES,40.39,-5.76,57.0,95,100,5.53,overcast clouds
97,Gravdal,NO,68.12,13.5,44.6,70,40,3.36,scattered clouds
98,Suzhou,CN,31.31,120.62,61.0,82,20,5.93,few clouds
99,Khatanga,RU,71.97,102.5,2.21,94,100,10.47,overcast clouds
100,Palmer,US,42.16,-72.33,46.99,64,75,10.63,broken clouds
101,Constitucion,CL,-35.33,-72.42,62.91,53,0,11.74,clear sky
102,Kaitangata,NZ,-46.28,169.85,57.0,87,99,4.65,overcast clouds
103,Avarua,CK,-21.21,-159.78,77.0,88,26,11.41,light rain
104,Pevek,RU,69.7,170.31,15.08,97,100,8.93,light snow
105,Chokurdakh,RU,70.63,147.92,-27.44,87,54,1.43,broken clouds
106,Bambous Virieux,MU,-20.34,57.76,73.4,64,75,10.29,broken clouds
107,Chapais,CA,49.78,-74.85,26.6,63,75,17.22,broken clouds
108,Vardo,NO,70.37,31.11,41.0,86,75,43.62,light intensity drizzle
109,Kjopsvik,NO,68.1,16.37,42.01,86,0,12.75,clear sky
110,Aklavik,CA,68.22,-135.01,17.6,72,90,12.75,light snow
111,Sao Felix Do Xingu,BR,-6.64,-51.99,93.54,45,66,3.22,broken clouds
112,Naze,JP,28.37,129.48,68.0,82,40,3.36,scattered clouds
113,Borzna,UA,51.25,32.43,36.63,85,100,9.44,overcast clouds
114,Union,US,40.63,-74.27,57.2,54,90,13.87,overcast clouds
115,Asosa,ET,10.07,34.53,68.36,55,0,4.23,clear sky
116,Ranong,TH,9.97,98.63,75.4,84,70,4.94,broken clouds
117,Yellowknife,CA,62.46,-114.35,0.0,84,90,8.05,overcast clouds
118,Butaritari,KI,3.07,172.79,80.73,72,17,11.9,few clouds
119,Preobrazheniye,RU,42.9,133.91,42.6,78,18,10.51,few clouds
120,Potsdam,DE,52.4,13.07,48.99,79,77,3.0,broken clouds
121,Ponta Do Sol,PT,32.67,-17.1,69.8,100,75,9.17,broken clouds
122,Bandarbeyla,SO,9.49,50.81,77.0,75,15,19.93,few clouds
123,Baykit,RU,61.67,96.37,-4.02,88,61,2.3,broken clouds
124,Mogadishu,SO,2.04,45.34,80.26,78,9,11.45,clear sky
125,Kumluca,TR,36.37,30.29,64.4,50,0,4.59,clear sky
126,Thompson,CA,55.74,-97.86,5.0,77,75,10.29,light snow
127,Ust-Tsilma,RU,65.44,52.15,30.0,98,99,5.14,overcast clouds
128,Nchelenge,ZM,-9.35,28.73,68.92,87,100,3.67,overcast clouds
129,Torbay,CA,47.67,-52.73,35.01,86,90,17.22,overcast clouds
130,Sur,OM,22.57,59.53,73.22,71,30,3.04,scattered clouds
131,Iqaluit,CA,63.75,-68.51,26.6,63,75,6.93,broken clouds
132,Odweyne,SO,9.41,45.06,69.71,38,0,15.46,clear sky
133,Nevelsk,RU,46.67,141.86,28.4,92,28,11.05,smoke
134,Camabatela,AO,-8.19,15.38,64.85,100,38,3.49,light rain
135,Salmo,CA,49.2,-117.27,37.4,83,100,8.05,overcast clouds
136,Timizart,DZ,36.8,4.27,59.72,90,43,3.62,scattered clouds
137,Uige,AO,-7.61,15.06,69.26,93,69,2.06,light rain
138,Charqueada,BR,-22.51,-47.78,87.84,45,34,5.75,heavy intensity rain
139,Bluff,NZ,-46.6,168.33,53.01,96,100,8.01,moderate rain
140,Simao,CN,22.79,100.97,58.51,82,22,1.5,few clouds
141,Bambanglipuro,ID,-7.95,110.28,78.94,86,99,7.76,overcast clouds
142,Komsomolskiy,UZ,40.43,71.72,37.4,69,0,4.7,clear sky
143,Arraial Do Cabo,BR,-22.97,-42.03,84.2,74,20,12.75,few clouds
144,Toropets,RU,56.5,31.64,30.9,95,98,7.29,overcast clouds
145,Kavieng,PG,-2.57,150.8,82.8,77,94,12.39,moderate rain
146,Hithadhoo,MV,-0.6,73.08,83.03,77,99,20.2,moderate rain
147,Nantucket,US,41.28,-70.1,50.0,61,1,11.41,clear sky
148,Sumbe,AO,-11.21,13.84,77.81,78,34,8.57,scattered clouds
149,Nhulunbuy,AU,-12.23,136.77,80.6,88,32,6.89,scattered clouds
150,Bonthe,SL,7.53,-12.51,83.1,72,9,7.85,clear sky
151,San Policarpo,PH,12.18,125.51,81.54,86,66,8.97,broken clouds
152,Waddan,LY,29.16,16.14,65.98,47,81,4.0,broken clouds
153,Ondjiva,AO,-17.07,15.73,78.8,51,75,7.23,light rain
154,Santarem,BR,-2.44,-54.71,89.6,62,40,11.41,scattered clouds
155,Labuhan,ID,-6.88,112.21,81.27,79,54,5.59,broken clouds
156,Provideniya,RU,64.38,-173.3,24.87,97,100,6.87,light snow
157,Tura,IN,25.52,90.22,66.24,82,5,4.05,clear sky
158,Yarmouth,US,41.71,-70.23,51.01,49,1,10.29,clear sky
159,Sitka,US,57.05,-135.33,30.2,92,40,3.02,scattered clouds
160,Waingapu,ID,-9.66,120.26,80.87,66,77,3.71,broken clouds
161,Awjilah,LY,29.11,21.29,61.93,56,0,4.34,clear sky
162,Karratha,AU,-20.74,116.85,74.48,58,0,9.26,clear sky
163,Portland,US,45.52,-122.68,53.01,81,40,11.41,scattered clouds
164,Sept-Iles,CA,50.2,-66.38,33.01,87,34,2.24,scattered clouds
165,Tank,PK,32.22,70.38,60.58,64,0,8.84,clear sky
166,Sortavala,RU,61.71,30.69,35.58,85,95,12.3,overcast clouds
167,Fortuna,US,40.6,-124.16,60.01,87,90,12.75,overcast clouds
168,Sarny,UA,51.34,26.6,44.42,91,99,3.51,overcast clouds
169,Deputatskiy,RU,69.3,139.9,-9.13,91,79,4.38,broken clouds
170,Derzhavinsk,KZ,51.1,66.32,14.68,96,99,11.59,overcast clouds
171,Qaanaaq,GL,77.48,-69.36,14.27,87,97,16.06,overcast clouds
172,Ariguani,CO,10.25,-74.0,86.0,72,100,1.01,overcast clouds
173,Geraldton,AU,-28.77,114.6,53.6,81,0,8.05,clear sky
174,Buala,SB,-8.14,159.59,81.73,77,96,6.35,overcast clouds
175,Tilichiki,RU,60.47,166.1,33.58,100,100,8.03,moderate rain
176,Mastic Beach,US,40.77,-72.85,55.99,73,37,5.99,scattered clouds
177,Poddorye,RU,57.47,31.12,28.26,97,7,5.32,clear sky
178,Xuzhou,CN,34.18,117.16,54.3,82,3,7.87,clear sky
179,Margate,GB,51.38,1.39,51.01,84,47,5.01,heavy intensity rain
180,Yar-Sale,RU,66.83,70.83,6.58,93,73,9.26,broken clouds
181,Abu Samrah,SY,35.3,37.18,55.0,82,72,4.05,broken clouds
182,Acari,PE,-15.43,-74.62,78.01,41,53,12.15,broken clouds
183,Ndjole,GA,-0.18,10.76,76.66,91,24,2.39,light rain
184,Luanda,AO,-8.84,13.23,80.6,78,40,9.17,scattered clouds
185,Vila Franca Do Campo,PT,37.72,-25.43,64.4,93,75,3.36,broken clouds
186,Cabo San Lucas,MX,22.89,-109.91,82.0,57,20,3.36,few clouds
187,Wewak,PG,-3.55,143.63,79.59,84,94,7.56,light rain
188,San Patricio,US,28.02,-97.52,77.0,36,1,19.46,clear sky
189,Naron,ES,43.52,-8.15,59.0,95,100,1.01,overcast clouds
190,Tezu,IN,27.92,96.17,67.78,40,0,4.09,clear sky
191,Kumbhraj,IN,24.37,77.05,75.7,46,73,2.37,broken clouds
192,Nanortalik,GL,60.14,-45.24,26.69,87,65,9.01,broken clouds
193,Marawi,PH,8.0,124.29,77.0,91,96,5.01,overcast clouds
194,Borba,BR,-4.39,-59.59,97.88,39,14,4.29,few clouds
195,Vestmannaeyjar,IS,63.44,-20.27,39.2,69,75,13.87,broken clouds
196,Saint-Philippe,RE,-21.36,55.77,73.4,53,75,11.41,broken clouds
197,Severo-Kurilsk,RU,50.68,156.12,36.14,83,62,9.04,broken clouds
198,Tocopilla,CL,-22.09,-70.2,66.99,51,12,7.07,few clouds
199,Manokwari,ID,-0.87,134.08,79.68,75,74,5.5,broken clouds
200,Shemgang,BT,27.22,90.66,50.79,59,0,5.68,clear sky
201,Cherskiy,RU,68.75,161.3,4.42,94,100,4.68,light snow
202,Suluq,LY,31.67,20.25,64.69,70,37,8.57,scattered clouds
203,Kailua,US,21.4,-157.74,75.0,83,20,4.7,few clouds
204,Talnakh,RU,69.49,88.4,10.4,92,75,8.95,snow
205,Seymchan,RU,62.88,152.43,-5.49,90,100,6.49,light snow
206,Shache,CN,38.42,77.24,42.73,54,97,6.49,overcast clouds
207,Xining,CN,36.62,101.77,43.52,51,11,1.95,few clouds
208,Villazon,BO,-22.09,-65.59,73.08,14,0,26.22,clear sky
209,Puerto Leguizamo,CO,-0.19,-74.78,82.26,73,100,2.71,overcast clouds
210,Eureka,US,40.8,-124.16,60.01,47,100,4.0,overcast clouds
211,Forrest City,US,35.01,-90.79,60.8,35,1,11.41,clear sky
212,Wencheng,CN,33.06,113.8,54.03,74,0,2.1,clear sky
213,Guerrero Negro,MX,27.98,-114.06,75.16,36,0,2.1,clear sky
214,Apiai,BR,-24.51,-48.84,86.13,39,10,4.61,clear sky
215,Half Moon Bay,US,37.46,-122.43,60.8,44,1,4.7,clear sky
216,Olafsvik,IS,64.89,-23.71,35.67,86,100,16.33,overcast clouds
217,Narsaq,GL,60.92,-46.05,16.95,74,0,6.06,clear sky
218,Leh,IN,34.17,77.58,28.56,80,99,4.47,overcast clouds
219,East London,ZA,-33.02,27.91,66.2,82,20,3.36,few clouds
220,Dongsheng,CN,39.82,109.98,44.4,63,1,11.68,clear sky
221,Rio Grande City,US,26.38,-98.82,82.99,71,33,11.01,scattered clouds
222,Melo,UY,-32.37,-54.18,78.17,71,99,9.15,light rain
223,Sayville,US,40.74,-73.08,57.2,62,75,20.8,broken clouds
224,Taoudenni,ML,22.68,-3.98,80.78,18,40,11.7,scattered clouds
225,Abu Zabad,SD,12.35,29.25,77.29,20,0,11.48,clear sky
226,Los Llanos De Aridane,ES,28.66,-17.92,77.0,69,20,8.05,few clouds
227,Xacmaz,AZ,41.46,48.81,51.76,86,100,12.53,light rain
228,Puerto Colombia,CO,10.99,-74.95,84.2,66,90,2.24,overcast clouds
229,Pafos,CY,34.77,32.42,60.8,72,20,9.17,few clouds
230,Lompoc,US,34.64,-120.46,62.6,71,1,3.36,clear sky
231,Tupik,RU,54.43,119.93,4.66,87,0,1.88,clear sky
232,Quelimane,MZ,-17.88,36.89,77.0,69,0,9.17,clear sky
233,Sunland Park,US,31.8,-106.58,62.01,12,1,5.75,clear sky
234,Adavere,EE,58.71,25.9,35.01,86,91,8.05,overcast clouds
235,Katsuura,JP,35.13,140.3,66.99,67,75,5.82,broken clouds
236,Calabar,NG,4.95,8.32,77.76,89,90,4.74,overcast clouds
237,Sioux Lookout,CA,50.1,-91.92,30.2,92,90,13.87,mist
238,Yerbogachen,RU,61.28,108.01,-0.96,92,61,7.63,broken clouds
239,Palmas,BR,-10.21,-48.36,93.2,46,40,9.17,scattered clouds
240,Shelburne,CA,44.08,-80.2,48.99,96,100,24.43,overcast clouds
241,Champerico,GT,14.3,-91.92,86.0,66,0,4.7,clear sky
242,Kilimatinde,TZ,-5.85,34.95,75.74,64,100,2.71,light rain
243,Tual,ID,-5.67,132.75,83.52,78,68,13.8,light rain
244,Shebunino,RU,46.43,141.86,41.52,73,25,10.96,scattered clouds
245,Wittlich,DE,49.98,6.88,57.0,100,20,17.22,light rain
246,Vostok,RU,46.49,135.88,20.95,96,49,7.34,scattered clouds
247,Port Blair,IN,11.67,92.75,79.9,79,34,9.98,scattered clouds
248,Conceicao Do Mato Dentro,BR,-19.04,-43.42,80.26,68,88,3.76,moderate rain
249,Gejiu,CN,23.31,103.16,48.02,100,5,1.45,clear sky
250,Jalu,LY,29.03,21.55,63.52,53,0,6.22,clear sky
251,Lagoa,PT,39.05,-27.98,62.73,77,1,7.92,clear sky
252,Yakeshi,CN,49.28,120.73,10.49,93,11,4.36,few clouds
253,Robertsport,LR,6.75,-11.37,81.72,77,0,10.58,clear sky
254,Oriximina,BR,-1.77,-55.87,94.21,44,65,6.85,broken clouds
255,Harper,LR,4.38,-7.72,80.51,81,46,8.32,scattered clouds
256,Adrar,MR,20.5,-10.07,83.98,15,72,10.65,broken clouds
257,Hurghada,EG,27.26,33.81,75.2,23,0,11.41,clear sky
258,Opelousas,US,30.53,-92.08,70.0,30,40,21.92,scattered clouds
259,Asopos,GR,36.73,22.87,59.68,70,34,2.68,scattered clouds
260,Camopi,GF,3.17,-52.32,83.48,83,69,4.72,broken clouds
261,Uchaly,RU,54.3,59.45,7.03,91,0,3.96,clear sky
262,Longyearbyen,SJ,78.22,15.64,21.2,67,75,25.28,light snow
263,Hohhot,CN,40.81,111.65,32.0,60,0,6.71,clear sky
264,Takoradi,GH,4.88,-1.76,80.51,80,31,7.83,scattered clouds
265,Poum,NC,-20.23,164.02,76.71,84,0,12.01,clear sky
266,Westport,US,41.14,-73.36,55.4,62,90,13.87,overcast clouds
267,Tombouctou,ML,20.0,-3.0,82.9,15,0,9.22,clear sky
268,Mackay,AU,-21.15,149.2,72.0,94,40,4.7,scattered clouds
269,Xinan,CN,26.72,119.86,63.99,80,28,6.11,scattered clouds
270,Bethel,US,41.37,-73.41,53.01,66,75,11.41,broken clouds
271,La Ronge,CA,55.1,-105.28,14.0,72,13,3.36,few clouds
272,La Sarre,CA,48.8,-79.2,34.5,95,100,19.69,heavy intensity rain
273,Barabinsk,RU,55.36,78.36,23.02,98,99,11.83,overcast clouds
274,Cerro Largo,BR,-28.15,-54.74,80.01,65,100,5.55,overcast clouds
275,Nusaybin,TR,37.08,41.22,57.2,50,75,4.7,broken clouds
276,Ambilobe,MG,-13.2,49.05,75.69,83,61,4.09,light rain
277,Faya,SA,18.39,42.45,62.6,82,0,4.7,clear sky
278,Semirom,IR,31.42,51.57,37.89,74,30,4.25,scattered clouds
279,Kurchum,KZ,48.57,83.65,32.86,89,100,6.53,overcast clouds
280,Vega De Alatorre,MX,20.03,-96.63,82.42,70,41,6.4,scattered clouds
281,Show Low,US,34.25,-110.03,60.01,15,1,1.81,clear sky
282,Soyo,AO,-6.13,12.37,78.53,84,58,10.42,broken clouds
283,Tanout,NE,14.97,8.89,79.23,20,12,11.81,few clouds
284,Ilulissat,GL,69.22,-51.1,6.8,32,40,19.46,scattered clouds
285,Vila Velha,BR,-20.33,-40.29,75.2,94,75,8.05,broken clouds
286,Surovikino,RU,48.61,42.85,29.73,61,100,17.52,overcast clouds
287,Zheleznodorozhnyy,RU,55.75,38.0,32.0,98,40,6.71,scattered clouds
288,Palembang,ID,-2.92,104.75,76.24,93,82,1.83,broken clouds
289,Amapa,BR,1.0,-52.0,90.59,49,100,3.94,overcast clouds
290,Anadyr,RU,64.75,177.48,32.0,96,40,20.13,scattered clouds
291,Deloraine,AU,-41.53,146.67,55.0,97,76,1.12,light rain
292,Carnarvon,AU,-24.87,113.63,66.2,72,0,20.8,clear sky
293,Pisco,PE,-13.7,-76.22,69.8,68,20,12.75,few clouds
294,Te Anau,NZ,-45.42,167.72,53.13,90,85,3.38,overcast clouds
295,Sanchazi,CN,42.08,126.6,35.74,82,94,2.75,overcast clouds
296,Lebork,PL,54.54,17.75,53.01,87,0,5.82,clear sky
297,Novoagansk,RU,61.94,76.66,-5.51,89,0,1.34,clear sky
298,Belomorsk,RU,64.52,34.77,34.99,84,100,10.63,overcast clouds
299,Mbanza-Ngungu,CD,-5.25,14.87,72.68,93,95,4.47,moderate rain
300,Yining,CN,29.04,114.56,57.18,85,5,0.85,clear sky
301,Shahrud,IR,36.42,54.98,40.5,67,94,1.52,overcast clouds
302,Grindavik,IS,63.84,-22.43,35.6,74,0,6.93,clear sky
303,Port Moresby,PG,-9.44,147.18,75.2,94,20,3.36,few clouds
304,Lalawigan,PH,11.59,125.47,80.11,85,32,5.3,scattered clouds
305,Sao Filipe,CV,14.9,-24.5,82.4,56,99,10.89,overcast clouds
306,Hukuntsi,BW,-24.0,21.75,81.61,34,100,9.86,overcast clouds
307,Lure,FR,47.75,6.5,57.2,87,74,17.22,moderate rain
308,Oranjestad,AW,12.52,-70.03,87.8,70,40,13.87,scattered clouds
309,Ziniare,BF,12.58,-1.3,93.2,23,0,8.05,clear sky
310,Bojonegoro,ID,-7.15,111.88,78.53,83,92,4.25,overcast clouds
311,Bang Saphan,TH,11.21,99.51,77.0,70,69,3.18,broken clouds
312,Pochutla,MX,15.74,-96.47,89.6,55,20,6.26,few clouds
313,Contai,IN,21.78,87.75,73.71,51,5,5.7,clear sky
314,Salalah,OM,17.02,54.09,80.6,65,0,2.71,clear sky
315,Clyde River,CA,70.47,-68.59,10.4,72,90,18.34,overcast clouds
316,Anastacio,BR,-20.48,-55.81,98.1,35,77,6.13,broken clouds
317,Srandakan,ID,-7.94,110.25,79.0,86,98,7.52,overcast clouds
318,Gat,IL,31.61,34.76,60.01,100,11,1.99,few clouds
319,Hambantota,LK,6.12,81.12,79.77,85,97,8.5,light rain
320,Fukue,JP,32.69,128.84,68.72,69,50,7.2,scattered clouds
321,Padang,ID,-0.95,100.35,78.26,83,100,6.38,light rain
322,Sterling,US,39.01,-77.43,63.0,63,90,16.11,overcast clouds
323,Buraydah,SA,26.33,43.98,78.8,44,40,6.93,scattered clouds
324,Santa Teresa,VE,10.23,-66.66,89.6,70,40,5.82,scattered clouds
325,Tasiilaq,GL,65.61,-37.64,21.67,93,100,10.13,overcast clouds
326,Fairbanks,US,64.84,-147.72,6.8,77,90,3.36,light snow
327,Keflavik,IS,64.0,-22.56,37.4,74,0,6.93,clear sky
328,Inirida,CO,3.87,-67.92,88.07,70,76,2.73,moderate rain
329,Birao,CF,10.28,22.79,77.2,23,33,4.88,scattered clouds
330,La Palma,US,33.85,-118.05,75.0,37,1,3.69,clear sky
331,Port Said,EG,31.26,32.28,68.0,60,40,17.22,scattered clouds
332,Kamina,CD,-8.74,24.99,67.59,94,87,3.85,overcast clouds
333,Tatvan,TR,38.51,42.28,39.79,70,90,3.47,overcast clouds
334,Kozhva,RU,65.11,57.05,16.92,96,100,7.47,overcast clouds
335,Kawalu,ID,-7.38,108.21,73.87,91,94,0.74,overcast clouds
336,Koslan,RU,63.46,48.9,31.33,99,100,4.85,overcast clouds
337,Chinsali,ZM,-10.54,32.08,66.25,91,86,6.24,moderate rain
338,Kerema,PG,-7.96,145.78,77.95,88,91,2.55,overcast clouds
339,Hamilton,US,39.18,-84.53,55.99,50,40,31.09,scattered clouds
340,Kununurra,AU,-15.77,128.73,78.8,74,88,1.95,overcast clouds
341,Zaysan,KZ,47.47,84.87,30.94,87,54,8.08,broken clouds
342,Asuncion,PY,-25.3,-57.64,75.2,83,75,3.36,broken clouds
343,Kenai,US,60.55,-151.26,10.4,85,1,3.36,clear sky
344,Itarema,BR,-2.92,-39.92,87.1,57,31,20.13,scattered clouds
345,Marathon,US,44.9,-89.77,33.8,86,90,29.97,overcast clouds
346,Hvide Sande,DK,56.0,8.13,57.0,80,98,8.01,moderate rain
347,Pitimbu,BR,-7.47,-34.81,87.8,58,40,12.75,scattered clouds
348,Washougal,US,45.58,-122.35,54.0,87,90,6.93,overcast clouds
349,Esso,RU,55.93,158.7,12.63,87,81,4.0,broken clouds
350,Magadan,RU,59.57,150.8,9.73,92,100,7.81,overcast clouds
351,Omsukchan,RU,62.53,155.8,-7.28,87,100,4.32,light snow
352,Baringo,KE,0.47,35.97,76.06,51,100,2.44,overcast clouds
353,Heishan,CN,41.69,122.11,39.34,69,4,10.8,clear sky
354,Souillac,MU,-20.52,57.52,73.4,64,75,10.29,broken clouds
355,Zhongxing,CN,33.7,118.68,54.63,91,0,6.67,clear sky
356,Dakar,SN,14.69,-17.44,87.8,48,0,9.17,clear sky
357,Shatrovo,RU,56.52,64.63,6.55,94,38,7.61,scattered clouds
358,Cordoba,AR,-31.41,-64.18,82.99,38,20,4.7,few clouds
359,San Jose,US,37.34,-121.89,57.99,71,20,3.51,few clouds
360,Plavsk,RU,53.71,37.29,31.59,96,100,8.97,overcast clouds
361,Cristalina,BR,-16.77,-47.61,77.79,62,95,3.89,overcast clouds
362,Puerto Quijarro,BO,-17.78,-57.77,101.75,29,81,6.42,broken clouds
363,Ahipara,NZ,-35.17,173.17,58.71,83,78,3.11,broken clouds
364,Lima,PE,-12.04,-77.03,71.6,60,40,9.17,scattered clouds
365,Salinopolis,BR,-0.61,-47.36,85.95,66,84,13.71,broken clouds
366,Zyryanka,RU,65.75,150.85,-12.33,89,100,13.02,light snow
367,Palana,RU,59.12,159.97,22.12,97,97,15.19,light snow
368,Port Hawkesbury,CA,45.62,-61.35,42.01,64,90,14.99,overcast clouds
369,Rocha,UY,-34.48,-54.33,70.48,78,50,14.54,light rain
370,Comodoro Rivadavia,AR,-45.87,-67.5,78.8,31,0,11.41,clear sky
371,Tigzirt,DZ,36.89,4.12,64.38,83,29,6.64,scattered clouds
372,Lakselv,NO,70.05,24.97,42.8,70,40,34.45,scattered clouds
373,Yakima,US,46.47,-120.67,39.0,86,75,4.7,broken clouds
374,Aripuana,BR,-9.17,-60.63,97.63,38,64,2.73,broken clouds
375,Codrington,AU,-38.27,141.97,58.75,71,10,14.18,clear sky
376,Talavera De La Reina,ES,39.96,-4.83,58.68,90,100,3.6,overcast clouds
377,Diu,IN,20.71,70.98,77.9,48,0,7.4,clear sky
378,Kalmunai,LK,7.42,81.82,80.29,83,78,3.98,moderate rain
379,Hirara,JP,24.8,125.28,76.24,82,36,19.98,light rain
380,Qaqortoq,GL,60.72,-46.03,19.15,79,1,7.4,clear sky
381,Trincomalee,LK,8.57,81.23,82.08,81,96,6.24,overcast clouds
382,Whitehorse,CA,60.72,-135.05,15.8,85,90,8.05,light snow
383,Tiznit,MA,29.58,-9.5,77.49,24,82,3.96,broken clouds
384,Grand-Santi,GF,4.25,-54.38,95.88,38,2,4.68,clear sky
385,Spearfish,US,44.49,-103.86,41.0,32,1,10.29,clear sky
386,Saldanha,ZA,-33.01,17.94,62.6,59,0,18.34,clear sky
387,Lasa,IT,46.62,10.7,41.0,61,5,6.93,clear sky
388,Hailey,US,43.52,-114.32,33.01,86,40,5.82,scattered clouds
389,Pangnirtung,CA,66.15,-65.71,21.2,100,90,2.24,light snow
390,Saint-Augustin,CA,51.23,-58.65,33.8,80,16,3.22,few clouds
391,Paamiut,GL,61.99,-49.67,24.82,78,0,24.85,clear sky
392,Baruun-Urt,MN,46.68,113.28,26.47,95,15,4.81,few clouds
393,Orlik,RU,52.52,99.83,17.49,88,100,0.92,overcast clouds
394,Cayenne,GF,4.93,-52.33,87.8,66,20,14.99,few clouds
395,Beboto,TD,8.27,16.94,77.63,25,100,2.3,overcast clouds
396,Sri Aman,MY,1.24,111.46,75.2,100,77,1.5,broken clouds
397,Pacific Grove,US,36.62,-121.92,61.0,66,1,9.17,clear sky
398,College,US,64.86,-147.8,6.8,77,90,3.36,light snow
399,Sola,VU,-13.88,167.55,80.64,82,59,20.4,broken clouds
400,Vung Tau,VN,10.35,107.08,79.52,82,65,14.2,broken clouds
401,Dubbo,AU,-32.25,148.62,67.28,42,59,9.48,broken clouds
402,Havelock,US,34.88,-76.9,73.0,74,37,8.01,scattered clouds
403,Tessalit,ML,20.2,1.01,76.68,18,0,9.37,clear sky
404,Malindi,KE,-3.22,40.12,82.4,74,20,6.93,few clouds
405,Nizwa,OM,22.93,57.53,68.49,71,10,7.0,clear sky
406,Chibombo,ZM,-14.66,28.07,76.06,60,96,5.1,overcast clouds
407,Urumqi,CN,43.8,87.6,37.4,64,75,2.24,broken clouds
408,Cowra,AU,-33.83,148.68,66.06,44,61,5.66,broken clouds
409,Hanyang,CN,32.14,105.51,64.99,73,83,0.07,broken clouds
410,Tabou,CI,4.42,-7.35,80.8,80,42,7.43,scattered clouds
411,Houma,US,29.6,-90.72,84.0,65,40,8.05,scattered clouds
412,Camacha,PT,33.08,-16.33,69.8,94,40,17.22,scattered clouds
413,Uniao Dos Palmares,BR,-9.16,-36.03,86.0,70,20,13.87,few clouds
414,Atambua,ID,-9.11,124.89,75.47,81,17,3.36,few clouds
415,Walvis Bay,NA,-22.96,14.51,66.2,63,0,12.75,clear sky
416,Port Hardy,CA,50.7,-127.42,46.4,81,75,14.99,light intensity shower rain
417,Santa Vitoria Do Palmar,BR,-33.52,-53.37,74.61,61,100,11.95,overcast clouds
418,Genhe,CN,50.78,121.52,9.37,91,0,3.24,clear sky
419,Manzanillo,CU,20.34,-77.12,83.73,72,98,13.11,overcast clouds
420,Ulladulla,AU,-35.35,150.47,69.8,73,96,4.7,overcast clouds
421,Sorkjosen,NO,69.8,20.93,39.2,80,0,12.75,clear sky
422,Linden,GY,6.0,-58.3,87.8,70,40,9.17,scattered clouds
423,Roma,US,43.21,-75.46,48.99,60,75,13.87,broken clouds
424,Maltahohe,NA,-24.83,16.98,74.1,18,0,16.75,clear sky
425,Nanchong,CN,30.8,106.08,64.44,56,0,2.8,clear sky
426,Bengkulu,ID,-3.8,102.27,77.36,83,100,4.59,overcast clouds
427,Santa Rosa,PH,14.31,121.11,79.0,88,20,1.12,few clouds
428,Aden,YE,12.78,45.04,80.17,72,2,8.81,clear sky
429,Octeville,FR,49.63,-1.64,52.0,93,75,24.16,moderate rain
430,Bria,CF,6.54,21.99,74.17,52,40,2.06,scattered clouds
431,Samarai,PG,-10.62,150.67,80.44,84,92,9.57,light rain
432,Lao Cai,VN,22.48,103.95,66.54,71,60,1.03,broken clouds
433,Gizo,SB,-8.1,156.84,83.75,77,83,12.41,broken clouds
434,Katobu,ID,-4.94,122.53,75.92,87,82,2.3,broken clouds
435,Burnie,AU,-41.07,145.92,60.01,80,65,8.01,broken clouds
436,Antofagasta,CL,-23.65,-70.4,66.2,63,40,14.99,scattered clouds
437,Port-Gentil,GA,-0.72,8.78,75.2,100,75,5.82,thunderstorm with light rain
438,Kamenka,RU,51.32,42.77,26.01,70,99,7.0,overcast clouds
439,Diamantino,BR,-14.41,-56.45,93.04,42,92,6.82,overcast clouds
440,Tsabong,BW,-26.02,22.4,84.88,32,100,11.36,overcast clouds
441,Tabasalu,EE,59.43,24.53,36.0,90,90,8.05,overcast clouds
442,Ipojuca,BR,-8.4,-35.06,84.2,66,40,9.17,scattered clouds
443,Kalengwa,ZM,-13.47,25.0,68.45,84,50,6.42,scattered clouds
444,Morris,US,40.83,-74.53,57.2,62,75,14.99,broken clouds
445,Haines Junction,CA,60.75,-137.51,17.6,72,100,4.7,overcast clouds
446,Coquimbo,CL,-29.95,-71.34,62.6,63,40,11.41,scattered clouds
447,Moranbah,AU,-22.0,148.05,74.61,63,0,4.18,clear sky
448,Massakory,TD,13.0,15.73,82.31,19,0,11.41,clear sky
449,Fethiye,TR,36.62,29.12,59.0,62,0,5.82,clear sky
450,Abilene,US,32.45,-99.73,57.99,19,1,6.93,clear sky
451,Hedaru,TZ,-4.5,37.9,75.7,77,78,4.07,broken clouds
452,Rawson,AR,-43.3,-65.1,74.26,21,8,7.85,clear sky
453,Lazaro Cardenas,MX,17.96,-102.2,84.56,61,0,4.34,clear sky
454,Hanzhong,CN,33.07,107.03,55.44,60,0,1.21,clear sky
455,Foumban,CM,5.73,10.9,69.66,54,1,2.24,clear sky
456,Pouembout,NC,-21.13,164.9,72.97,88,5,4.45,clear sky
457,Lundazi,ZM,-12.29,33.18,71.94,59,81,5.1,broken clouds
458,Thyolo,MW,-16.07,35.14,71.89,38,0,7.74,clear sky
459,Laa,SL,8.08,-10.77,79.75,56,0,2.01,clear sky
460,Korgen,NO,66.08,13.82,42.8,81,75,4.7,broken clouds
461,Plettenberg Bay,ZA,-34.05,23.37,61.81,73,93,3.85,overcast clouds
462,Bathsheba,BB,13.22,-59.52,86.0,70,75,13.87,shower rain
463,Mazurivka,UA,49.27,24.21,46.4,87,75,4.05,broken clouds
464,Prata,BR,-19.31,-48.92,89.58,39,17,7.61,few clouds
465,Manakara,MG,-22.13,48.02,71.49,70,95,7.0,overcast clouds
466,Hobyo,SO,5.35,48.53,80.06,76,0,15.35,clear sky
467,Pandan,PH,14.05,124.17,79.83,86,44,10.38,scattered clouds
468,Saint-Georges,GD,12.06,-61.75,84.2,79,75,20.8,shower rain
469,Boa Vista,BR,2.82,-60.67,89.6,55,40,9.17,scattered clouds
470,Meulaboh,ID,4.14,96.13,76.06,92,96,4.32,moderate rain
471,Porto Novo,BJ,6.5,2.6,86.0,74,20,8.05,few clouds
472,Verkhnyachka,UA,48.83,30.04,41.02,86,100,4.94,overcast clouds
473,Santa Maria,BR,-29.68,-53.81,89.6,46,40,8.05,scattered clouds
474,Coruripe,BR,-10.13,-36.18,83.53,62,45,13.8,scattered clouds
475,Kamaishi,JP,39.27,141.88,52.56,63,97,7.54,overcast clouds
476,Jimo,CN,36.39,120.46,55.99,87,84,2.24,broken clouds
477,Grand Gaube,MU,-20.01,57.66,71.01,68,18,7.0,few clouds
478,Lucapa,AO,-8.42,20.74,68.02,94,79,3.2,light rain
479,Dawson Creek,CA,55.77,-120.24,14.0,85,90,2.24,light snow
480,Soma,TR,39.19,27.61,53.6,71,40,8.05,scattered clouds
481,Negombo,LK,7.21,79.84,77.0,100,20,2.24,few clouds
482,Tailai,CN,46.38,123.4,29.93,87,69,4.03,broken clouds
483,Mwense,ZM,-10.38,28.7,65.88,92,99,2.39,overcast clouds
484,Nioro,GM,13.35,-15.75,89.85,20,0,3.2,clear sky
485,Broken Hill,AU,-31.95,141.43,69.8,37,80,19.46,broken clouds
486,Tutoia,BR,-2.76,-42.27,86.52,64,22,16.35,few clouds
487,Kirakira,SB,-10.45,161.92,80.29,83,90,9.62,light rain
488,Batticaloa,LK,7.71,81.69,80.83,83,75,5.64,light rain
489,Husavik,IS,66.04,-17.34,32.0,97,90,6.93,light snow
490,Vagay,RU,57.94,69.02,7.11,95,70,5.32,broken clouds
491,Lander,US,42.83,-108.73,35.6,37,1,9.17,clear sky
492,Kinablangan,PH,7.69,126.55,78.44,81,67,5.48,broken clouds
493,Chadiza,ZM,-14.07,32.44,76.57,30,38,5.75,scattered clouds
494,Purranque,CL,-40.92,-73.17,60.8,55,0,11.41,clear sky
495,Turan,VN,16.07,108.22,77.0,100,75,5.82,light rain
496,Kralupy Nad Vltavou,CZ,50.24,14.31,45.0,87,90,8.05,overcast clouds
497,Alofi,NU,-19.06,-169.92,71.6,94,12,3.36,few clouds
498,Eskilstuna,SE,59.37,16.51,51.01,93,100,11.41,mist
499,Saint-Joseph,RE,-21.37,55.62,73.4,53,75,11.41,broken clouds
500,Tandil,AR,-37.32,-59.13,71.01,32,0,8.01,clear sky
501,Balykshi,KZ,47.07,51.87,19.4,67,0,13.42,clear sky
502,Xingcheng,CN,40.62,120.72,44.24,57,0,11.92,clear sky
503,Nome,US,64.5,-165.41,12.2,78,1,4.7,clear sky
504,Birin,NP,26.89,88.07,54.19,69,0,4.68,clear sky
505,Darhan,MN,49.49,105.92,28.92,92,100,4.07,overcast clouds
506,Ola,RU,59.58,151.28,9.63,92,100,11.48,overcast clouds
507,Nam Som,TH,17.77,102.19,72.99,70,67,1.34,broken clouds
508,Moose Jaw,CA,50.4,-105.53,15.8,92,42,2.24,scattered clouds
509,Moose Factory,CA,51.26,-80.61,30.2,100,90,11.41,snow
510,Poso,ID,-1.4,120.75,80.01,73,80,3.96,light rain
511,Huaiyin,CN,33.59,119.02,54.34,93,1,6.31,clear sky
512,Aksarka,RU,66.56,67.8,8.04,94,78,9.91,broken clouds
513,Sangar,RU,63.92,127.47,-3.41,92,100,9.46,overcast clouds
514,Berlevag,NO,70.86,29.09,41.0,93,75,28.86,broken clouds
515,Bubaque,GW,11.28,-15.83,85.93,51,0,4.88,clear sky
516,Prince Rupert,CA,54.32,-130.32,41.0,93,90,2.24,light rain
517,Luderitz,NA,-26.65,15.16,62.94,67,0,22.84,clear sky
518,Najran,SA,17.49,44.13,69.8,30,0,6.93,clear sky
519,Abnub,EG,27.27,31.15,68.0,60,0,13.87,clear sky
520,Bratsk,RU,56.13,101.61,12.0,92,10,4.47,clear sky
521,Sire,NG,12.93,5.2,84.38,23,20,9.15,few clouds
522,Aitape,PG,-3.14,142.35,78.49,82,93,5.14,light rain
523,Verkhnyaya Maksakovka,RU,61.63,50.97,23.0,100,90,6.71,overcast clouds
524,Chalons-En-Champagne,FR,48.95,4.37,57.2,87,75,19.46,broken clouds
525,Northam,GB,51.03,-4.22,55.0,86,80,11.01,broken clouds
526,San Juan,AR,-31.54,-68.54,76.51,33,16,6.91,few clouds
527,Iquique,CL,-20.22,-70.14,69.8,49,0,10.29,clear sky
528,Nguruka,TZ,-5.11,31.04,66.0,91,100,2.28,overcast clouds
529,Yangambi,CD,0.81,24.43,70.66,98,100,1.92,overcast clouds
530,Chara,RU,56.91,118.26,-2.16,76,11,2.33,few clouds
531,Changde,CN,29.05,111.68,64.13,66,77,0.51,broken clouds
532,Noumea,NC,-22.28,166.46,71.6,88,10,3.36,clear sky
533,Kautokeino,NO,69.01,23.04,34.11,91,90,15.61,overcast clouds
534,Ginir,ET,7.13,40.7,57.83,47,20,4.09,few clouds
535,Sereflikochisar,TR,38.94,33.54,47.79,58,0,5.97,clear sky
536,Port Lincoln,AU,-34.73,135.87,57.25,75,0,13.04,clear sky
537,Shimoda,JP,34.67,138.95,54.0,83,67,12.86,broken clouds
538,Dingle,PH,11.0,122.67,76.37,91,34,7.58,scattered clouds
539,Swan Hill,AU,-35.34,143.55,66.36,46,38,10.58,scattered clouds
540,Mindelo,CV,16.89,-24.98,82.4,61,40,20.8,scattered clouds
541,Puerto Asis,CO,0.51,-76.5,71.6,100,90,3.36,moderate rain
542,Orocue,CO,4.79,-71.34,89.8,57,43,6.49,scattered clouds
543,Bendigo,AU,-36.77,144.28,62.42,54,25,14.07,scattered clouds
544,Lilongwe,MW,-13.97,33.79,79.12,32,61,4.52,broken clouds
545,Young,UY,-32.68,-57.63,82.0,49,48,5.01,light rain
546,Ayagoz,KZ,47.97,80.44,22.15,83,100,6.31,overcast clouds
547,Tondano,ID,1.3,124.91,75.2,94,20,2.24,few clouds
548,Campina Verde,BR,-19.54,-49.49,90.72,39,33,6.31,scattered clouds
549,Kahului,US,20.89,-156.47,73.99,78,20,4.7,few clouds
550,Alugan,PH,12.22,125.48,80.98,87,76,8.25,broken clouds
551,Valsamata,GR,38.17,20.6,60.8,100,40,2.24,scattered clouds
552,Mutare,ZW,-18.97,32.67,66.25,49,1,6.35,clear sky
553,Tefe,BR,-3.35,-64.71,77.0,94,75,5.82,moderate rain
554,Bud,US,39.45,-86.18,46.0,75,90,16.11,overcast clouds
555,Bharatpur,IN,27.22,77.48,70.32,73,40,8.21,scattered clouds
556,Klaksvik,FO,62.23,-6.59,46.4,93,100,11.41,overcast clouds
557,Chernogolovka,RU,56.0,38.37,32.0,97,40,6.71,light snow
558,Kongolo,CD,-5.38,27.0,71.44,91,100,2.3,light rain
559,Adelaide,AU,-34.93,138.6,62.01,72,40,24.16,scattered clouds
560,Bontang,ID,0.13,117.5,79.23,83,39,6.62,moderate rain
561,Namibe,AO,-15.2,12.15,69.46,78,27,10.31,scattered clouds
562,Atar,MR,20.52,-13.05,87.75,13,100,10.27,overcast clouds
563,Duki,PK,30.15,68.57,51.69,39,4,6.82,clear sky
564,Jieshi,CN,22.81,115.83,72.0,86,74,14.07,broken clouds
565,Chanute,US,37.68,-95.46,53.6,32,1,16.11,clear sky
566,Sistranda,NO,63.73,8.83,50.0,71,0,16.11,clear sky
567,Moree,AU,-29.47,149.85,71.6,46,0,10.29,clear sky
568,Kokopo,PG,-4.35,152.26,78.51,79,85,8.16,light rain
569,Abha,SA,18.22,42.51,62.6,82,0,4.7,clear sky
570,Pacasmayo,PE,-7.4,-79.57,69.46,69,97,14.9,overcast clouds
571,Micheweni,TZ,-4.97,39.83,79.56,78,83,6.91,broken clouds
572,Port Hedland,AU,-20.32,118.57,73.4,73,0,5.82,clear sky
573,Jiayuguan,CN,39.82,98.3,35.26,67,59,15.55,broken clouds
574,Yoichi,JP,43.2,140.77,46.99,38,99,14.25,overcast clouds
575,Belmonte,BR,-15.86,-38.88,86.0,83,20,17.22,few clouds
576,Acandi,CO,8.51,-77.28,75.97,91,97,4.27,heavy intensity rain
577,Denpasar,ID,-8.65,115.22,82.4,78,20,8.05,few clouds
578,Madarounfa,NE,13.31,7.16,87.8,25,0,4.7,clear sky
579,Anchorage,US,61.22,-149.9,16.0,78,20,7.18,few clouds
580,Romans-Sur-Isere,FR,45.05,5.06,57.2,82,90,18.34,overcast clouds
581,Pirapozinho,BR,-22.28,-51.5,95.07,31,14,6.91,moderate rain
582,Hovd,MN,48.01,91.64,28.87,86,100,1.41,overcast clouds
583,Cariati,IT,39.49,16.96,57.2,100,1,1.12,fog
584,Douglas,US,41.3,-96.17,48.99,39,1,21.92,clear sky
585,Ayacucho,PE,-13.16,-74.22,77.0,23,20,2.24,few clouds
586,Namatanai,PG,-3.67,152.43,78.89,80,100,7.76,moderate rain
587,High Rock,BS,26.62,-78.28,84.2,74,20,8.05,few clouds
588,Moerai,PF,-22.43,-151.33,76.73,83,49,7.74,light rain
589,Mao,ES,39.89,4.27,66.2,82,20,12.75,few clouds
590,Podor,MR,16.65,-14.96,96.8,18,0,2.24,clear sky
591,Siparia,TT,10.13,-61.5,87.01,78,79,1.99,light rain
592,Kavaratti,IN,10.57,72.64,83.77,77,48,6.67,scattered clouds
593,Baryatino,RU,54.31,34.52,30.69,98,96,9.69,overcast clouds
594,Oktyabrskoye,RU,43.06,44.74,37.4,100,98,1.32,overcast clouds
595,Bad Munstereifel,DE,50.55,6.77,60.01,85,96,14.0,light rain
596,Port Macquarie,AU,-31.43,152.92,66.2,100,40,4.7,scattered clouds
597,San Carlos De Bariloche,AR,-41.15,-71.31,70.0,25,40,17.22,scattered clouds
598,Itamaraju,BR,-17.04,-39.53,87.58,57,94,4.56,heavy intensity rain
599,Bin Qirdan,TN,33.14,11.22,71.26,37,99,5.93,overcast clouds
600,Bundaberg,AU,-24.85,152.35,75.99,94,40,4.7,scattered clouds
601,Shestakovo,RU,56.49,103.96,11.59,94,51,1.61,broken clouds
602,Aykhal,RU,66.0,111.5,-4.0,83,0,6.71,clear sky
603,Atherton,GB,53.52,-2.49,46.99,81,63,5.01,moderate rain
604,Sao Domingos,BR,-13.4,-46.32,86.68,48,97,3.91,light rain
605,Ambulu,ID,-8.35,113.61,76.71,86,70,3.67,broken clouds
606,Slave Lake,CA,55.28,-114.77,12.2,92,75,8.05,broken clouds
607,Gunjur,GM,13.2,-16.73,91.4,41,0,2.24,clear sky
608,Kibakwe,TZ,-6.72,36.37,70.93,74,82,4.92,broken clouds
609,Taywarah,AF,33.35,64.42,26.1,71,15,0.81,few clouds
610,Boende,CD,-0.22,20.87,73.58,83,74,0.74,broken clouds
611,Porto-Vecchio,FR,41.59,9.28,62.6,87,90,2.24,overcast clouds
612,Warah,PK,27.45,67.8,65.55,27,0,5.03,clear sky
613,Yilan,TW,24.76,121.75,75.0,99,5,3.53,clear sky
614,Dagda,LV,56.1,27.54,34.38,89,100,8.81,overcast clouds
615,Avera,US,33.19,-82.53,75.2,83,90,14.99,overcast clouds
616,Miri,MY,4.41,114.01,78.8,100,40,2.24,scattered clouds
617,Litovko,RU,49.24,135.17,25.07,97,65,8.88,light snow
618,Umm Lajj,SA,25.02,37.27,75.74,69,0,9.13,clear sky
619,Pareora,NZ,-44.49,171.21,57.0,95,95,4.83,overcast clouds
620,Batemans Bay,AU,-35.72,150.18,62.01,78,100,5.06,overcast clouds
621,Puertollano,ES,38.69,-4.11,64.0,80,81,3.2,broken clouds
622,Tommot,RU,58.96,126.29,9.19,93,100,10.27,light snow
623,Sobolevo,RU,54.43,31.9,32.76,95,100,8.84,overcast clouds
624,Erie,US,42.77,-78.67,55.0,81,90,20.8,light rain
625,Bandarban,BD,22.2,92.23,69.64,89,0,1.59,clear sky
626,Takaka,NZ,-40.85,172.8,59.0,92,100,1.99,overcast clouds
627,Santa Isabel Do Rio Negro,BR,-0.41,-65.02,84.92,72,25,5.39,moderate rain
628,Kurumkan,RU,54.3,110.3,12.69,85,0,2.84,clear sky
629,Middletown,US,39.52,-84.4,53.6,57,75,25.28,broken clouds
630,Maracacume,BR,-2.04,-45.96,87.51,65,94,6.91,overcast clouds
631,West Bay,KY,19.37,-81.42,86.0,70,40,16.11,scattered clouds
632,Ampanihy,MG,-24.7,44.75,68.59,65,0,14.25,clear sky
633,Farmington,US,36.73,-108.22,35.6,40,1,9.17,clear sky
634,Tevaitoa,PF,-16.78,-151.5,80.35,77,36,11.77,scattered clouds
635,Kaihua,CN,23.37,104.28,55.99,90,57,1.88,broken clouds
636,Vallenar,CL,-28.57,-70.76,78.85,18,0,12.53,clear sky
637,Xai-Xai,MZ,-25.05,33.64,71.85,73,2,12.19,clear sky
638,Vrangel,RU,42.73,133.08,44.92,76,27,12.97,scattered clouds
639,Maldonado,UY,-34.67,-54.92,71.6,78,40,17.22,scattered clouds
640,Brae,GB,60.4,-1.35,50.0,93,75,11.41,broken clouds
641,Pitangui,BR,-19.68,-44.89,86.43,45,94,3.47,overcast clouds
642,Skibbereen,IE,51.55,-9.27,48.2,81,75,14.99,broken clouds
643,Bima,ID,-8.47,118.72,78.58,79,96,3.49,overcast clouds
644,Shushenskoye,RU,53.33,91.94,12.2,85,82,0.54,broken clouds
645,Vikhorevka,RU,56.12,101.16,12.0,92,0,4.47,clear sky
646,Cairns,AU,-16.92,145.77,75.2,78,50,8.05,scattered clouds
647,Grass Valley,US,39.22,-121.06,57.2,26,1,4.7,clear sky
648,Gao,ML,16.64,1.64,82.26,17,5,9.4,clear sky
649,Lata,PT,40.16,-8.33,66.0,98,100,4.0,overcast clouds
650,Dunedin,NZ,-45.87,170.5,57.0,87,100,8.68,overcast clouds
651,Mezhdurechensk,RU,53.69,88.06,23.92,87,78,3.42,broken clouds
652,Kudahuvadhoo,MV,2.67,72.89,83.07,74,100,6.69,light rain
653,Hayden,US,47.77,-116.79,42.8,81,90,17.22,overcast clouds
654,Krasnoselkup,RU,65.7,82.47,1.65,92,100,13.8,overcast clouds
655,Leningradskiy,RU,69.38,178.42,21.33,90,100,10.58,overcast clouds
656,Acarau,BR,-2.89,-40.12,87.89,55,36,20.89,scattered clouds
657,Fort Nelson,CA,58.81,-122.7,10.4,85,90,8.05,light snow
658,Hue,VN,16.47,107.6,71.6,94,40,3.36,light rain
659,Hervey Bay,AU,-25.3,152.85,75.0,87,2,1.01,clear sky
660,Bilibino,RU,68.05,166.44,9.54,93,100,3.94,snow
661,Binika,IN,21.03,83.8,73.26,68,17,2.66,few clouds
662,Touho,NC,-20.78,165.23,76.01,84,23,10.98,few clouds
663,Sa Kaeo,TH,13.75,102.33,71.19,83,85,4.79,overcast clouds
664,Santa Rita Do Passa Quatro,BR,-21.71,-47.48,85.8,47,39,6.85,light rain
665,Igrim,RU,63.19,64.42,14.79,89,95,6.29,overcast clouds
666,Chumikan,RU,54.72,135.31,12.0,92,28,15.66,scattered clouds
667,Opochka,RU,56.71,28.66,34.39,88,77,8.5,broken clouds
668,Matveyevka,RU,52.15,56.18,8.6,78,0,2.24,clear sky
669,Yeppoon,AU,-23.13,150.73,73.4,88,1,6.93,clear sky
670,Duluth,US,46.78,-92.11,33.8,80,90,28.86,overcast clouds
671,Casian,PH,11.04,119.71,83.12,81,56,21.54,broken clouds
672,Durazno,UY,-33.41,-56.5,78.8,47,75,13.87,broken clouds
673,Les Cayes,HT,18.2,-73.75,82.36,71,100,6.58,overcast clouds
674,Ketchikan,US,55.34,-131.65,39.2,69,1,17.22,clear sky
675,Jacareacanga,BR,-6.22,-57.75,98.78,35,40,4.18,scattered clouds
676,Creel,MX,27.75,-107.63,60.13,33,0,13.27,clear sky
